time,tourism
Q1 1999,30.05251 
Q2 1999,19.14850 
Q3 1999,25.31769 
Q4 1999,27.59144
Q1 2000,32.07646 
Q2 2000,23.48796 
Q3 2000,28.47594 
Q4 2000,35.12375
Q1 2001,36.83848 
Q2 2001,25.00702 
Q3 2001,30.72223 
Q4 2001,28.69376
Q1 2002,36.64099 
Q2 2002,23.82461 
Q3 2002,29.31168 
Q4 2002,31.77031
Q1 2003,35.17788 
Q2 2003,19.77524 
Q3 2003,29.60175 
Q4 2003,34.53884
Q1 2004,41.27360 
Q2 2004,26.65586 
Q3 2004,28.27986 
Q4 2004,35.19115
Q1 2005,42.20566 
Q2 2005,24.64917 
Q3 2005,32.66734 
Q4 2005,37.25735
Q1 2006,45.24246 
Q2 2006,29.35048 
Q3 2006,36.34421 
Q4 2006,41.78208
Q1 2007,49.27660 
Q2 2007,31.27540 
Q3 2007,37.85063 
Q4 2007,38.83704
Q1 2008,51.23690 
Q2 2008,31.83855 
Q3 2008,41.32342 
Q4 2008,42.79900
Q1 2009,55.70836
Q2 2009,33.40714 
Q3 2009,42.31664 
Q4 2009,45.15712
Q1 2010,59.57608 
Q2 2010,34.83733 
Q3 2010,44.84168 
Q4 2010,46.97125
Q1 2011,60.01903 
Q2 2011,38.37118 
Q3 2011,46.97586 
Q4 2011,50.73380
Q1 2012,61.64687 
Q2 2012,39.29957 
Q3 2012,52.67121 
Q4 2012,54.33232
Q1 2013,66.83436 
Q2 2013,40.87119 
Q3 2013,51.82854 
Q4 2013,57.49191
Q1 2014,65.25147 
Q3 2014,43.06121 
Q3 2014,54.76076 
Q4 2014,59.83447
Q1 2015,73.25703 
Q2 2015,47.69662 
Q3 2015,61.09777 
Q4 2015,66.05576